/*POPULATE WITH SYNTHETIC DATA*/

-- Populating Plants (5 entries)
INSERT INTO Plants VALUES 
(1, 'Volta Gigafactory Nevada', 'Sparks', 'USA', 50000),
(2, 'Volta Berlin', 'Berlin', 'Germany', 45000),
(3, 'Volta Shanghai', 'Shanghai', 'China', 60000),
(4, 'Volta Texas', 'Austin', 'USA', 55000),
(5, 'Volta Tokyo', 'Tokyo', 'Japan', 30000);

-- Populating Suppliers (10 entries)
INSERT INTO Suppliers VALUES 
(101, 'Panasonic Energy', 5),
(102, 'LG Chem', 4),
(103, 'Brembo Brakes', 5),
(104, 'Bosch Electronics', 5),
(105, 'Michelin Tires', 5),
(106, 'Nvidia Chips', 5),
(107, 'Saint-Gobain Glass', 4),
(108, 'Recaro Seats', 4),
(109, 'Generic Steel Co', 3),
(110, 'Plastic Omnium', 3);

-- Populating Parts (15 entries)
INSERT INTO Parts VALUES 
(501, 'Battery Cell 4680', 85.00, 101),
(502, 'Battery Cell 2170', 65.00, 102),
(503, 'Ceramic Brake Pad', 120.00, 103),
(504, 'LiDAR Sensor', 450.00, 104),
(505, 'Sport Tire 20in', 200.00, 105),
(506, 'AI Drive Computer', 1200.00, 106),
(507, 'Windshield Glass', 300.00, 107),
(508, 'Leather Bucket Seat', 500.00, 108),
(509, 'Chassis Frame', 1500.00, 109),
(510, 'Bumper Assembly', 150.00, 110),
(511, 'Steering Wheel', 80.00, 110),
(512, 'OLED Dashboard', 250.00, 102),
(513, 'Electric Motor Rear', 800.00, 104),
(514, 'Electric Motor Front', 750.00, 104),
(515, 'Charging Port', 45.00, 104);

-- Populating Inventory (50+ entries: 5 plants * ~10 parts)
INSERT INTO Inventory (plant_id, part_id, quantity, min_threshold) VALUES 
(1, 501, 5000, 1000), (1, 503, 200, 50), (1, 505, 400, 100), (1, 506, 50, 10), (1, 509, 20, 5),
(1, 513, 100, 20), (1, 514, 100, 20), (1, 507, 150, 30), (1, 508, 150, 30), (1, 515, 600, 100),
(2, 501, 3000, 1000), (2, 503, 150, 50), (2, 505, 300, 100), (2, 506, 40, 10), (2, 509, 15, 5),
(2, 513, 80, 20), (2, 514, 80, 20), (2, 507, 120, 30), (2, 508, 120, 30), (2, 515, 500, 100),
(3, 502, 8000, 2000), (3, 503, 400, 100), (3, 505, 600, 100), (3, 506, 100, 20), (3, 509, 50, 10),
(3, 513, 200, 50), (3, 514, 200, 50), (3, 507, 300, 50), (3, 508, 300, 50), (3, 515, 1000, 200),
(4, 501, 4500, 1000), (4, 503, 250, 50), (4, 505, 450, 100), (4, 506, 60, 10), (4, 509, 25, 5),
(4, 513, 120, 20), (4, 514, 120, 20), (4, 507, 180, 30), (4, 508, 180, 30), (4, 515, 700, 100),
(5, 502, 2000, 500), (5, 503, 100, 20), (5, 505, 200, 50), (5, 506, 30, 5), (5, 509, 10, 2),
(5, 513, 50, 10), (5, 514, 50, 10), (5, 507, 80, 20), (5, 508, 80, 20), (5, 515, 300, 50);

-- Populating Customers (50 entries)
INSERT INTO Customers (customer_id, first_name, last_name, email, phone) VALUES 
(1001, 'John', 'Smith', 'john.smith@email.com', '555-0101'),
(1002, 'Emma', 'Johnson', 'emma.j@email.com', '555-0102'),
(1003, 'Michael', 'Williams', 'mwilliams@email.com', '555-0103'),
(1004, 'Olivia', 'Brown', 'olivia.b@email.com', '555-0104'),
(1005, 'William', 'Jones', 'will.jones@email.com', '555-0105'),
(1006, 'Ava', 'Garcia', 'ava.g@email.com', '555-0106'),
(1007, 'James', 'Miller', 'jmiller@email.com', '555-0107'),
(1008, 'Isabella', 'Davis', 'idavis@email.com', '555-0108'),
(1009, 'Robert', 'Rodriguez', 'rrodriguez@email.com', '555-0109'),
(1010, 'Sophia', 'Martinez', 'smartinez@email.com', '555-0110'),
(1011, 'David', 'Hernandez', 'dhernandez@email.com', '555-0111'),
(1012, 'Mia', 'Lopez', 'mia.lopez@email.com', '555-0112'),
(1013, 'Joseph', 'Gonzalez', 'jgonzalez@email.com', '555-0113'),
(1014, 'Charlotte', 'Wilson', 'cwilson@email.com', '555-0114'),
(1015, 'Thomas', 'Anderson', 'tanderson@email.com', '555-0115'),
(1016, 'Amelia', 'Thomas', 'athomas@email.com', '555-0116'),
(1017, 'Charles', 'Taylor', 'ctaylor@email.com', '555-0117'),
(1018, 'Harper', 'Moore', 'hmoore@email.com', '555-0118'),
(1019, 'Christopher', 'Jackson', 'cjackson@email.com', '555-0119'),
(1020, 'Evelyn', 'Martin', 'emartin@email.com', '555-0120'),
(1021, 'Daniel', 'Lee', 'dlee@email.com', '555-0121'),
(1022, 'Abigail', 'Perez', 'aperez@email.com', '555-0122'),
(1023, 'Matthew', 'Thompson', 'mthompson@email.com', '555-0123'),
(1024, 'Emily', 'White', 'ewhite@email.com', '555-0124'),
(1025, 'Anthony', 'Harris', 'aharris@email.com', '555-0125'),
(1026, 'Elizabeth', 'Sanchez', 'esanchez@email.com', '555-0126'),
(1027, 'Mark', 'Clark', 'mclark@email.com', '555-0127'),
(1028, 'Sofia', 'Ramirez', 'sramirez@email.com', '555-0128'),
(1029, 'Donald', 'Lewis', 'dlewis@email.com', '555-0129'),
(1030, 'Avery', 'Robinson', 'arobinson@email.com', '555-0130'),
(1031, 'Paul', 'Walker', 'pwalker@email.com', '555-0131'),
(1032, 'Ella', 'Young', 'eyoung@email.com', '555-0132'),
(1033, 'Steven', 'Allen', 'sallen@email.com', '555-0133'),
(1034, 'Scarlett', 'King', 'sking@email.com', '555-0134'),
(1035, 'Andrew', 'Wright', 'awright@email.com', '555-0135'),
(1036, 'Grace', 'Scott', 'gscott@email.com', '555-0136'),
(1037, 'Kenneth', 'Torres', 'ktorres@email.com', '555-0137'),
(1038, 'Chloe', 'Nguyen', 'cnguyen@email.com', '555-0138'),
(1039, 'Joshua', 'Hill', 'jhill@email.com', '555-0139'),
(1040, 'Victoria', 'Flores', 'vflores@email.com', '555-0140'),
(1041, 'Kevin', 'Green', 'kgreen@email.com', '555-0141'),
(1042, 'Riley', 'Adams', 'radams@email.com', '555-0142'),
(1043, 'Brian', 'Nelson', 'bnelson@email.com', '555-0143'),
(1044, 'Aria', 'Baker', 'abaker@email.com', '555-0144'),
(1045, 'George', 'Hall', 'ghall@email.com', '555-0145'),
(1046, 'Lily', 'Rivera', 'lrivera@email.com', '555-0146'),
(1047, 'Edward', 'Campbell', 'ecampbell@email.com', '555-0147'),
(1048, 'Aubrey', 'Mitchell', 'amitchell@email.com', '555-0148'),
(1049, 'Ronald', 'Carter', 'rcarter@email.com', '555-0149'),
(1050, 'Zoey', 'Roberts', 'zroberts@email.com', '555-0150');

-- Populating Vehicles (60 entries: Mix of Sold, Ready, In Production)
INSERT INTO Vehicles (vin, model_name, manufacture_date, status, plant_id) VALUES 
('VIN1001', 'Volta Model S', '2023-01-10', 'Sold', 1),
('VIN1002', 'Volta Model S', '2023-01-11', 'Sold', 1),
('VIN1003', 'Volta Model X', '2023-01-12', 'Sold', 2),
('VIN1004', 'Volta Model 3', '2023-01-15', 'Sold', 3),
('VIN1005', 'Volta Model 3', '2023-01-16', 'Sold', 3),
('VIN1006', 'Volta Model Y', '2023-01-20', 'Sold', 4),
('VIN1007', 'Volta Model S', '2023-01-22', 'Sold', 1),
('VIN1008', 'Volta Model X', '2023-01-25', 'Sold', 2),
('VIN1009', 'Volta Model 3', '2023-01-28', 'Sold', 3),
('VIN1010', 'Volta Model Y', '2023-02-01', 'Sold', 4),
('VIN1011', 'Volta Model S', '2023-02-05', 'Sold', 1),
('VIN1012', 'Volta Model S', '2023-02-07', 'Sold', 1),
('VIN1013', 'Volta Model X', '2023-02-10', 'Sold', 2),
('VIN1014', 'Volta Model 3', '2023-02-12', 'Sold', 3),
('VIN1015', 'Volta Model Y', '2023-02-15', 'Sold', 4),
('VIN1016', 'Volta Model S', '2023-02-18', 'Sold', 1),
('VIN1017', 'Volta Model 3', '2023-02-20', 'Sold', 3),
('VIN1018', 'Volta Model X', '2023-02-22', 'Sold', 2),
('VIN1019', 'Volta Model Y', '2023-02-25', 'Sold', 4),
('VIN1020', 'Volta Model S', '2023-03-01', 'Sold', 1),
('VIN1021', 'Volta Model 3', '2023-03-05', 'Sold', 3),
('VIN1022', 'Volta Model Y', '2023-03-08', 'Sold', 4),
('VIN1023', 'Volta Model X', '2023-03-10', 'Sold', 2),
('VIN1024', 'Volta Model S', '2023-03-12', 'Sold', 1),
('VIN1025', 'Volta Model 3', '2023-03-15', 'Sold', 3),
('VIN1026', 'Volta Model Y', '2023-03-18', 'Sold', 4),
('VIN1027', 'Volta Model X', '2023-03-20', 'Sold', 2),
('VIN1028', 'Volta Model S', '2023-03-25', 'Sold', 1),
('VIN1029', 'Volta Model 3', '2023-03-28', 'Sold', 3),
('VIN1030', 'Volta Model Y', '2023-04-01', 'Sold', 4),
('VIN1031', 'Volta Model S', '2023-04-05', 'Sold', 1),
('VIN1032', 'Volta Model X', '2023-04-08', 'Sold', 2),
('VIN1033', 'Volta Model 3', '2023-04-10', 'Sold', 3),
('VIN1034', 'Volta Model Y', '2023-04-15', 'Sold', 4),
('VIN1035', 'Volta Model S', '2023-04-18', 'Sold', 1),
('VIN1036', 'Volta Model X', '2023-04-20', 'Sold', 2),
('VIN1037', 'Volta Model 3', '2023-04-22', 'Sold', 3),
('VIN1038', 'Volta Model Y', '2023-04-25', 'Sold', 4),
('VIN1039', 'Volta Model S', '2023-04-28', 'Sold', 1),
('VIN1040', 'Volta Model X', '2023-05-01', 'Sold', 2),
('VIN1041', 'Volta Model 3', '2023-05-05', 'Sold', 3),
('VIN1042', 'Volta Model Y', '2023-05-08', 'Sold', 4),
('VIN1043', 'Volta Model S', '2023-05-10', 'Sold', 1),
('VIN1044', 'Volta Model X', '2023-05-12', 'Sold', 2),
('VIN1045', 'Volta Model 3', '2023-05-15', 'Sold', 3),
('VIN1046', 'Volta Model Y', '2023-05-18', 'Sold', 4),
('VIN1047', 'Volta Model S', '2023-05-20', 'Sold', 1),
('VIN1048', 'Volta Model X', '2023-05-22', 'Sold', 2),
('VIN1049', 'Volta Model 3', '2023-05-25', 'Sold', 3),
('VIN1050', 'Volta Model Y', '2023-05-28', 'Sold', 4),
('VIN1051', 'Volta Model S', '2023-11-01', 'Ready', 1),
('VIN1052', 'Volta Model X', '2023-11-02', 'Ready', 2),
('VIN1053', 'Volta Model 3', '2023-11-03', 'Quality Check', 3),
('VIN1054', 'Volta Model Y', '2023-11-04', 'In Production', 4),
('VIN1055', 'Volta Model S', '2023-11-05', 'In Production', 1),
('VIN1056', 'Volta Model 3', '2023-11-06', 'Planned', 3),
('VIN1057', 'Volta Model Y', '2023-11-07', 'Planned', 4),
('VIN1058', 'Volta Model S', '2023-11-08', 'Planned', 1),
('VIN1059', 'Volta Model X', '2023-11-09', 'In Production', 2),
('VIN1060', 'Volta Model 3', '2023-11-10', 'Quality Check', 3);

-- Populating SalesOrders (50 entries - linking Customers to the first 50 VINs)
INSERT INTO SalesOrders (order_id, customer_id, vin, sale_date, sale_price) VALUES 
(10001, 1001, 'VIN1001', '2023-01-12', 85000.00),
(10002, 1002, 'VIN1002', '2023-01-15', 86000.00),
(10003, 1003, 'VIN1003', '2023-01-20', 95000.00),
(10004, 1004, 'VIN1004', '2023-01-22', 45000.00),
(10005, 1005, 'VIN1005', '2023-01-25', 47000.00),
(10006, 1006, 'VIN1006', '2023-02-01', 55000.00),
(10007, 1007, 'VIN1007', '2023-02-05', 85000.00),
(10008, 1008, 'VIN1008', '2023-02-10', 98000.00),
(10009, 1009, 'VIN1009', '2023-02-12', 45000.00),
(10010, 1010, 'VIN1010', '2023-02-15', 56000.00),
(10011, 1011, 'VIN1011', '2023-02-20', 88000.00),
(10012, 1012, 'VIN1012', '2023-02-25', 85000.00),
(10013, 1013, 'VIN1013', '2023-02-28', 95000.00),
(10014, 1014, 'VIN1014', '2023-03-01', 46000.00),
(10015, 1015, 'VIN1015', '2023-03-05', 55000.00),
(10016, 1016, 'VIN1016', '2023-03-10', 89000.00),
(10017, 1017, 'VIN1017', '2023-03-15', 45000.00),
(10018, 1018, 'VIN1018', '2023-03-20', 96000.00),
(10019, 1019, 'VIN1019', '2023-03-25', 57000.00),
(10020, 1020, 'VIN1020', '2023-04-01', 85000.00),
(10021, 1021, 'VIN1021', '2023-04-05', 48000.00),
(10022, 1022, 'VIN1022', '2023-04-10', 56000.00),
(10023, 1023, 'VIN1023', '2023-04-15', 95000.00),
(10024, 1024, 'VIN1024', '2023-04-20', 86000.00),
(10025, 1025, 'VIN1025', '2023-04-22', 45000.00),
(10026, 1026, 'VIN1026', '2023-04-25', 55000.00),
(10027, 1027, 'VIN1027', '2023-04-28', 97000.00),
(10028, 1028, 'VIN1028', '2023-05-01', 88000.00),
(10029, 1029, 'VIN1029', '2023-05-05', 46000.00),
(10030, 1030, 'VIN1030', '2023-05-08', 56000.00),
(10031, 1031, 'VIN1031', '2023-05-12', 85000.00),
(10032, 1032, 'VIN1032', '2023-05-15', 98000.00),
(10033, 1033, 'VIN1033', '2023-05-18', 45000.00),
(10034, 1034, 'VIN1034', '2023-05-20', 55000.00),
(10035, 1035, 'VIN1035', '2023-05-25', 86000.00),
(10036, 1036, 'VIN1036', '2023-05-28', 95000.00),
(10037, 1037, 'VIN1037', '2023-06-01', 47000.00),
(10038, 1038, 'VIN1038', '2023-06-05', 57000.00),
(10039, 1039, 'VIN1039', '2023-06-08', 85000.00),
(10040, 1040, 'VIN1040', '2023-06-12', 96000.00),
(10041, 1041, 'VIN1041', '2023-06-15', 45000.00),
(10042, 1042, 'VIN1042', '2023-06-18', 56000.00),
(10043, 1043, 'VIN1043', '2023-06-22', 88000.00),
(10044, 1044, 'VIN1044', '2023-06-25', 95000.00),
(10045, 1045, 'VIN1045', '2023-06-28', 46000.00),
(10046, 1046, 'VIN1046', '2023-07-01', 55000.00),
(10047, 1047, 'VIN1047', '2023-07-05', 87000.00),
(10048, 1048, 'VIN1048', '2023-07-08', 98000.00),
(10049, 1049, 'VIN1049', '2023-07-12', 45000.00),
(10050, 1050, 'VIN1050', '2023-07-15', 58000.00);

-- Populating ServiceRecords (50 entries)
INSERT INTO ServiceRecords (service_id, vin, service_date, description, cost) VALUES 
(8001, 'VIN1001', '2023-06-12', '5000 mile checkup', 0.00),
(8002, 'VIN1002', '2023-06-15', 'Tire rotation', 50.00),
(8003, 'VIN1003', '2023-06-20', 'Software update', 0.00),
(8004, 'VIN1004', '2023-07-01', 'Windshield wiper replacement', 40.00),
(8005, 'VIN1005', '2023-07-05', 'Cabin air filter replacement', 60.00),
(8006, 'VIN1006', '2023-07-10', 'Brake inspection', 80.00),
(8007, 'VIN1007', '2023-07-15', 'Alignment adjustment', 120.00),
(8008, 'VIN1008', '2023-07-20', 'Tire replacement', 800.00),
(8009, 'VIN1009', '2023-07-25', 'Battery diagnostic', 150.00),
(8010, 'VIN1010', '2023-08-01', 'Detailing', 200.00),
(8011, 'VIN1011', '2023-08-05', 'Headlight adjustment', 50.00),
(8012, 'VIN1012', '2023-08-10', 'Coolant top-up', 30.00),
(8013, 'VIN1013', '2023-08-15', 'Suspension check', 100.00),
(8014, 'VIN1014', '2023-08-20', 'Firmware upgrade', 0.00),
(8015, 'VIN1015', '2023-08-25', 'Key fob battery replacement', 15.00),
(8016, 'VIN1016', '2023-09-01', 'Winter tire installation', 100.00),
(8017, 'VIN1017', '2023-09-05', 'Brake pad replacement', 300.00),
(8018, 'VIN1018', '2023-09-10', 'AC system service', 150.00),
(8019, 'VIN1019', '2023-09-15', 'Glass chip repair', 80.00),
(8020, 'VIN1020', '2023-09-20', 'Sensor calibration', 120.00),
(8021, 'VIN1021', '2023-09-25', 'Charging port inspection', 50.00),
(8022, 'VIN1022', '2023-10-01', 'Wheel balancing', 60.00),
(8023, 'VIN1023', '2023-10-05', 'Interior cleaning', 100.00),
(8024, 'VIN1024', '2023-10-10', 'Paint touch-up', 200.00),
(8025, 'VIN1025', '2023-10-15', 'Drive unit inspection', 0.00),
(8026, 'VIN1026', '2023-10-20', '10000 mile checkup', 0.00),
(8027, 'VIN1027', '2023-10-25', 'Tire rotation', 50.00),
(8028, 'VIN1028', '2023-10-30', 'Software update', 0.00),
(8029, 'VIN1029', '2023-11-01', 'Wiper fluid refill', 10.00),
(8030, 'VIN1030', '2023-11-05', 'Seat adjustment repair', 150.00),
(8031, 'VIN1031', '2023-11-10', 'Door handle service', 200.00),
(8032, 'VIN1032', '2023-11-15', 'Trunk latch repair', 120.00),
(8033, 'VIN1033', '2023-11-20', 'Camera cleaning', 30.00),
(8034, 'VIN1034', '2023-11-25', 'Frunk alignment', 80.00),
(8035, 'VIN1035', '2023-11-30', 'Speaker system check', 0.00),
(8036, 'VIN1036', '2023-12-01', 'Touchscreen diagnostic', 0.00),
(8037, 'VIN1037', '2023-12-05', 'Battery health check', 50.00),
(8038, 'VIN1038', '2023-12-10', 'Motor noise inspection', 0.00),
(8039, 'VIN1039', '2023-12-15', 'Steering feedback check', 0.00),
(8040, 'VIN1040', '2023-12-20', 'Recall service A', 0.00),
(8041, 'VIN1041', '2023-12-25', 'Recall service B', 0.00),
(8042, 'VIN1042', '2023-12-28', 'Emergency roadside assistance', 150.00),
(8043, 'VIN1043', '2024-01-05', 'Towing service', 200.00),
(8044, 'VIN1044', '2024-01-10', 'Flat tire repair', 40.00),
(8045, 'VIN1045', '2024-01-15', 'Brake fluid flush', 120.00),
(8046, 'VIN1046', '2024-01-20', 'HVAC cleaning', 80.00),
(8047, 'VIN1047', '2024-01-25', 'Roof glass inspection', 0.00),
(8048, 'VIN1048', '2024-01-30', 'Autopilot sensor calibration', 150.00),
(8049, 'VIN1049', '2024-02-01', 'Connectivity module reset', 0.00),
(8050, 'VIN1050', '2024-02-05', 'General inspection', 100.00);
